mean_fit_time,std_fit_time,mean_score_time,std_score_time,param_solver,param_alpha,params,split0_test_score,split1_test_score,split2_test_score,split3_test_score,split4_test_score,split5_test_score,split6_test_score,split7_test_score,split8_test_score,split9_test_score,mean_test_score,std_test_score,rank_test_score
0.004117012023925781,0.00693602851969002,0.00033245086669921877,0.0002894007406154819,auto,0.0001,"{'solver': 'auto', 'alpha': 0.0001}",-0.0013548009210519404,-0.0019888427104695398,-0.003105953110625506,-0.0016426630024237042,-0.0021294590549115625,-0.005280878894777059,-0.001296154854403729,-0.0022133571643236424,-0.0023484535242254126,-0.0016357272998768094,-0.0022996290537088907,0.001115590083646285,97
0.015401077270507813,0.011522602361269322,0.0006097793579101562,0.00039992441050094483,svd,0.0001,"{'solver': 'svd', 'alpha': 0.0001}",-0.0013548009210519406,-0.00198884271046954,-0.0031059531106255047,-0.0016426630024237053,-0.002129459054911562,-0.005280878894777057,-0.0012961548544037286,-0.002213357164323645,-0.0023484535242254113,-0.0016357272998768085,-0.00229962905370889,0.0011155900836462846,96
0.0004771709442138672,0.0004651563366732692,0.00015032291412353516,9.516605334886089e-06,cholesky,0.0001,"{'solver': 'cholesky', 'alpha': 0.0001}",-0.0013548009210519404,-0.0019888427104695398,-0.003105953110625506,-0.0016426630024237042,-0.0021294590549115625,-0.005280878894777059,-0.001296154854403729,-0.0022133571643236424,-0.0023484535242254126,-0.0016357272998768094,-0.0022996290537088907,0.001115590083646285,97
0.02890961170196533,0.06122175095537368,0.00038449764251708985,0.0002631042095969884,lsqr,0.0001,"{'solver': 'lsqr', 'alpha': 0.0001}",-0.0013547150513931073,-0.00198893222804003,-0.0031059421588315963,-0.0016427069751514707,-0.0021294432691990133,-0.005280863249987456,-0.001296055662865146,-0.0022136318083896575,-0.0023485272250020795,-0.001635771996718661,-0.0022996589625578216,0.0011155920067699558,112
0.005521821975708008,0.005261187190811471,0.00033257007598876955,0.0002514551021532269,sparse_cg,0.0001,"{'solver': 'sparse_cg', 'alpha': 0.0001}",-0.0013547966688315463,-0.001988843668299066,-0.0031059421640063038,-0.001642660360275246,-0.002129462061318077,-0.00528086323196629,-0.0012961563578114388,-0.0022133499685126137,-0.0023484794466798265,-0.001635772008715143,-0.002299632593641555,0.0011155829232785024,106
0.001844477653503418,0.0001866662191336834,0.00017862319946289064,5.541791523648966e-05,sag,0.0001,"{'solver': 'sag', 'alpha': 0.0001}",-0.0013547734320236199,-0.0019888207357903406,-0.0031059101141066615,-0.0016426645994225457,-0.0021294738885561507,-0.005280903830909608,-0.001296135278914319,-0.002213378681531719,-0.002348437921159496,-0.0016356767962357958,-0.0022996175278650255,0.001115600791656227,70
0.002794194221496582,0.0017518914097730094,0.0001966238021850586,0.0001439488792545936,saga,0.0001,"{'solver': 'saga', 'alpha': 0.0001}",-0.0013547941408459958,-0.0019888436752879338,-0.0031059642658986383,-0.001642649646558244,-0.002129471006560879,-0.005280924089712102,-0.0012961591142967486,-0.0022133324713655453,-0.0023484351855481696,-0.001635667332681144,-0.00229962409287554,0.001115607415591421,78
0.0011158466339111328,0.001518147494492464,0.0003241300582885742,0.00024396890439584595,auto,0.00026366508987303583,"{'solver': 'auto', 'alpha': 0.00026366508987303583}",-0.0013548008839564434,-0.0019888425730792505,-0.003105952926930583,-0.0016426627086805023,-0.002129458965996621,-0.005280879739173435,-0.001296155046310255,-0.00221335695319628,-0.0023484529062753477,-0.0016357264754175145,-0.0022996289179016234,0.0011155903523764733,93
0.014264941215515137,0.0185087256333866,0.0004387378692626953,0.00034140815940285894,svd,0.00026366508987303583,"{'solver': 'svd', 'alpha': 0.00026366508987303583}",-0.0013548008839564434,-0.001988842573079251,-0.0031059529269305826,-0.0016426627086805032,-0.0021294589659966207,-0.005280879739173433,-0.0012961550463102545,-0.002213356953196283,-0.0023484529062753473,-0.001635726475417514,-0.0022996289179016234,0.001115590352376473,93
0.00473029613494873,0.005772573441197089,0.0005626440048217774,0.0003366463996527323,cholesky,0.00026366508987303583,"{'solver': 'cholesky', 'alpha': 0.00026366508987303583}",-0.0013548008839564434,-0.0019888425730792505,-0.003105952926930583,-0.0016426627086805023,-0.002129458965996621,-0.005280879739173435,-0.001296155046310255,-0.00221335695319628,-0.0023484529062753477,-0.0016357264754175145,-0.0022996289179016234,0.0011155903523764733,93
0.0363292932510376,0.07263700558042294,0.0005133152008056641,0.00033358854174701027,lsqr,0.00026366508987303583,"{'solver': 'lsqr', 'alpha': 0.00026366508987303583}",-0.0013547150155994937,-0.0019889320894002503,-0.00310594197530684,-0.0016427066806568066,-0.0021294431805737118,-0.0052808640946683805,-0.0012960558564129863,-0.002213631592573657,-0.0023485266060610894,-0.0016357711715239696,-0.0022996588262777186,0.0011155922754668027,111
0.0031703948974609376,0.003896047005211839,0.0002197742462158203,0.00013355164349162195,sparse_cg,0.00026366508987303583,"{'solver': 'sparse_cg', 'alpha': 0.00026366508987303583}",-0.0013547966379102079,-0.0019888435312410595,-0.003105941980744897,-0.0016426600697114634,-0.002129461972755537,-0.005280864068961153,-0.0012961565518987575,-0.0022133497584088486,-0.0023484788241916773,-0.001635771182752457,-0.0022996324578576062,0.0011155831891994253,105
0.0030685186386108397,0.0019717373612376343,0.00024497509002685547,0.00019235989360510643,sag,0.00026366508987303583,"{'solver': 'sag', 'alpha': 0.00026366508987303583}",-0.0013548573464937578,-0.0019888329347362826,-0.00310594911020534,-0.0016426332546954593,-0.0021294478087867316,-0.005280868392858943,-0.0012961513461512283,-0.0022133401312841522,-0.0023484685173808216,-0.0016357091684424006,-0.0022996258011035117,0.0011155859970449656,85
0.003878211975097656,0.0038176625710075692,0.00022668838500976561,0.00015442365294751682,saga,0.00026366508987303583,"{'solver': 'saga', 'alpha': 0.00026366508987303583}",-0.0013548002710808658,-0.001988848920093064,-0.00310596500272246,-0.001642645399198724,-0.0021294770418549577,-0.005280926356831278,-0.001296162055157474,-0.0022133311590121106,-0.0023484193527963087,-0.0016357191157509183,-0.002299629467449816,0.001115604162077845,99
0.0008198499679565429,0.0011957014543981337,0.00023376941680908203,0.00015913150677964165,auto,0.0006951927961775605,"{'solver': 'auto', 'alpha': 0.0006951927961775605}",-0.0013548007861536948,-0.0019888422108340674,-0.0031059524426023974,-0.0016426619342094812,-0.0021294587315611084,-0.005280881965514613,-0.0012961555522996878,-0.002213356396549102,-0.0023484512769838565,-0.001635724301645303,-0.0022996285598353315,0.0011155910609109876,90
0.015297269821166993,0.017467783637841912,0.00034394264221191404,0.00030975606052793597,svd,0.0006951927961775605,"{'solver': 'svd', 'alpha': 0.0006951927961775605}",-0.0013548007861536948,-0.001988842210834068,-0.003105952442602397,-0.0016426619342094818,-0.0021294587315611076,-0.005280881965514612,-0.0012961555522996871,-0.002213356396549104,-0.0023484512769838557,-0.001635724301645303,-0.002299628559835331,0.0011155910609109874,89
0.0007252931594848633,0.0010804502399197726,0.00022792816162109375,0.00015598767622859911,cholesky,0.0006951927961775605,"{'solver': 'cholesky', 'alpha': 0.0006951927961775605}",-0.0013548007861536948,-0.0019888422108340674,-0.0031059524426023974,-0.0016426619342094812,-0.0021294587315611084,-0.005280881965514613,-0.0012961555522996878,-0.002213356396549102,-0.0023484512769838565,-0.001635724301645303,-0.0022996285598353315,0.0011155910609109876,90
0.040647125244140624,0.060304995132707234,0.0006916999816894531,0.0005184558434127772,lsqr,0.0006951927961775605,"{'solver': 'lsqr', 'alpha': 0.0006951927961775605}",-0.0013547149212292417,-0.0019889317238606986,-0.0031059414914273056,-0.0016427059042045174,-0.0021294429469018482,-0.0052808663217597885,-0.0012960563667298315,-0.002213631023564658,-0.002348524974156954,-0.0016357689958128487,-0.0022996584669647694,0.001115592983913412,110
0.007542610168457031,0.007424666652967364,0.0007156133651733398,0.0006792167909667604,sparse_cg,0.0006951927961775605,"{'solver': 'sparse_cg', 'alpha': 0.0006951927961775605}",-0.0013547965359921158,-0.0019888431685127655,-0.003105941507177367,-0.00164265929496176,-0.0021294617382071656,-0.005280866300078338,-0.00129615705683409,-0.0022133492041784336,-0.002348477200189421,-0.0016357690056393525,-0.002299632101177081,0.0011155839004573268,104
0.002613663673400879,0.0013414074714504394,0.00025177001953125,0.0001968967100420852,sag,0.0006951927961775605,"{'solver': 'sag', 'alpha': 0.0006951927961775605}",-0.0013547926131430397,-0.0019888158461322724,-0.0031059402513954996,-0.001642680914743295,-0.0021294524301213704,-0.00528088602027723,-0.0012961481773001678,-0.0022133495496364838,-0.0023484705463853927,-0.0016357194357653063,-0.0022996255784900064,0.001115592758688554,84
0.003479933738708496,0.0022993005603738803,0.0001572132110595703,1.2351002898211094e-05,saga,0.0006951927961775605,"{'solver': 'saga', 'alpha': 0.0006951927961775605}",-0.0013547997116700517,-0.001988843218697312,-0.003105970503248695,-0.00164264616555914,-0.002129472113506599,-0.005280942752438239,-0.001296162307794059,-0.0022133332667574404,-0.0023484279741753434,-0.0016357035259926575,-0.0022996301539839536,0.0011156101038401157,101
0.0015201568603515625,0.0014251333387202073,0.00028972625732421876,0.0001784085383090674,auto,0.0018329807108324356,"{'solver': 'auto', 'alpha': 0.0018329807108324356}",-0.0013548005283176333,-0.001988841255755059,-0.0031059511656758828,-0.0016426598923892336,-0.0021294581134514217,-0.005280887835339917,-0.001296156886409672,-0.0022133549290175533,-0.002348446981299375,-0.0016357185704388654,-0.0022996276158094614,0.0011155929289775478,87
0.015814805030822755,0.01019015850924412,0.0016035795211791991,0.002209926586282827,svd,0.0018329807108324356,"{'solver': 'svd', 'alpha': 0.0018329807108324356}",-0.0013548005283176335,-0.0019888412557550594,-0.003105951165675882,-0.001642659892389234,-0.0021294581134514213,-0.005280887835339913,-0.001296156886409672,-0.0022133549290175554,-0.0023484469812993735,-0.0016357185704388652,-0.0022996276158094606,0.0011155929289775465,86
0.00034592151641845705,0.0001942181350003552,0.0001552104949951172,2.1536206533483954e-05,cholesky,0.0018329807108324356,"{'solver': 'cholesky', 'alpha': 0.0018329807108324356}",-0.0013548005283176333,-0.001988841255755059,-0.0031059511656758828,-0.0016426598923892336,-0.0021294581134514217,-0.005280887835339917,-0.001296156886409672,-0.0022133549290175533,-0.002348446981299375,-0.0016357185704388654,-0.0022996276158094614,0.0011155929289775478,87
0.02683596611022949,0.0735961907973606,0.0002704143524169922,0.00018499695695162863,lsqr,0.0018329807108324356,"{'solver': 'lsqr', 'alpha': 0.0018329807108324356}",-0.0013547146724426696,-0.0019889307600963026,-0.003105940215683619,-0.0016427038571608797,-0.002129442330805419,-0.0052808721935629676,-0.0012960577122485654,-0.0022136295234426234,-0.0023485206715844077,-0.001635763259494679,-0.0022996575196522133,0.0011155948517482207,109
0.004547333717346192,0.0036713100679765984,0.0004008293151855469,0.0003137888466488149,sparse_cg,0.0018329807108324356,"{'solver': 'sparse_cg', 'alpha': 0.0018329807108324356}",-0.0013547962770042352,-0.0019888422136819647,-0.003105940222064558,-0.001642657252214242,-0.0021294611194911978,-0.005280872166354825,-0.001296158390563947,-0.002213347733712964,-0.002348472899850531,-0.0016357632701444486,-0.0022996311545082915,0.0011155857674065447,103
0.002924489974975586,0.002460943875966524,0.0002565145492553711,0.00018305229648044082,sag,0.0018329807108324356,"{'solver': 'sag', 'alpha': 0.0018329807108324356}",-0.0013547806250234476,-0.0019888745654315304,-0.00310592710013639,-0.0016426730909481172,-0.0021294579065574944,-0.005280885170637084,-0.001296131717183682,-0.002213365401161597,-0.0023484147878775055,-0.001635703771910612,-0.002299621413686746,0.0011155933840404301,75
0.0022206544876098634,0.0007642050204161294,0.00026462078094482424,0.0002921052522303944,saga,0.0018329807108324356,"{'solver': 'saga', 'alpha': 0.0018329807108324356}",-0.001354801741756769,-0.0019888456176952725,-0.0031059513703779935,-0.0016426457949665738,-0.0021294717638719414,-0.005280947502556763,-0.0012961627803666099,-0.002213331032012469,-0.0023484137874989746,-0.00163568021665537,-0.002299625160775874,0.0011156110787129648,82
0.0016924142837524414,0.001645833642140572,0.00029397010803222656,0.00020491673957676108,auto,0.004832930238571752,"{'solver': 'auto', 'alpha': 0.004832930238571752}",-0.0013547998487416766,-0.0019888387377889464,-0.0031059477994074404,-0.0016426545101389117,-0.0021294564838156694,-0.005280903310218643,-0.0012961604039397286,-0.002213351060710556,-0.002348435656388501,-0.0016357034611390311,-0.0022996251272289106,0.001115597853780199,80
0.021929287910461427,0.020860873616273187,0.002031874656677246,0.0038487054397412994,svd,0.004832930238571752,"{'solver': 'svd', 'alpha': 0.004832930238571752}",-0.0013547998487416766,-0.001988838737788947,-0.00310594779940744,-0.0016426545101389121,-0.002129456483815669,-0.005280903310218639,-0.0012961604039397282,-0.0022133510607105582,-0.0023484356563885003,-0.0016357034611390305,-0.00229962512722891,0.0011155978537801979,79
0.002254891395568848,0.002370486285339282,0.00142974853515625,0.0016499161323643688,cholesky,0.004832930238571752,"{'solver': 'cholesky', 'alpha': 0.004832930238571752}",-0.0013547998487416766,-0.0019888387377889464,-0.0031059477994074404,-0.0016426545101389117,-0.0021294564838156694,-0.005280903310218643,-0.0012961604039397286,-0.002213351060710556,-0.002348435656388501,-0.0016357034611390311,-0.0022996251272289106,0.001115597853780199,80
0.034256505966186526,0.0545712653834277,0.0005095243453979492,0.0003527480582554205,lsqr,0.004832930238571752,"{'solver': 'lsqr', 'alpha': 0.004832930238571752}",-0.0013547140167214536,-0.001988928219234805,-0.003105936852533126,-0.0016426984611419186,-0.0021294407064764067,-0.005280887673655145,-0.0012960612598516934,-0.0022136255692289846,-0.0023485093285160637,-0.0016357481367204523,-0.0022996550224080045,0.0011155997759399918,108
0.007358288764953614,0.00820561473388114,0.0003264188766479492,0.0002135040292786931,sparse_cg,0.004832930238571752,"{'solver': 'sparse_cg', 'alpha': 0.004832930238571752}",-0.0013547956020263296,-0.0019888396945490563,-0.0031059368591409165,-0.0016426518726362965,-0.0021294594893969884,-0.005280887646070111,-0.001296161910793679,-0.002213343868698745,-0.0023484615680673957,-0.0016357481479795336,-0.0022996286659359056,0.0011155906936414237,92
0.0028342962265014648,0.001615710971292932,0.0002466440200805664,0.0001827539684315979,sag,0.004832930238571752,"{'solver': 'sag', 'alpha': 0.004832930238571752}",-0.0013548036295628996,-0.0019888693272590917,-0.0031059322076271894,-0.00164265984217571,-0.0021294506729488453,-0.00528090083291612,-0.00129615230812917,-0.0022133494233692787,-0.002348482774837589,-0.0016356978847759025,-0.0022996298903601798,0.0011155959461231978,100
0.00403602123260498,0.002501333318756297,0.00034966468811035154,0.00031214295775160053,saga,0.004832930238571752,"{'solver': 'saga', 'alpha': 0.004832930238571752}",-0.0013548071547278707,-0.0019888424413778047,-0.003105959632408616,-0.0016426311967240935,-0.0021294664531014084,-0.005280963570523474,-0.001296167390741776,-0.0022133252430876424,-0.0023484003293476096,-0.0016356893964588662,-0.002299625280849916,0.0011156155654906204,83
0.0014205694198608399,0.0013818941543091137,0.0001931428909301758,0.00014062058161017727,auto,0.012742749857031334,"{'solver': 'auto', 'alpha': 0.012742749857031334}",-0.0013547980586582158,-0.001988832100485326,-0.0031059389274923476,-0.0016426403281731825,-0.002129452187755618,-0.00528094409955279,-0.0012961696780748645,-0.002213340868706706,-0.0023484058056515537,-0.0016356636363297201,-0.0022996185690880326,0.001115610834340955,72
0.013641262054443359,0.00824280341329077,0.000542140007019043,0.00029642115952645823,svd,0.012742749857031334,"{'solver': 'svd', 'alpha': 0.012742749857031334}",-0.0013547980586582158,-0.0019888321004853265,-0.0031059389274923467,-0.001642640328173183,-0.002129452187755617,-0.005280944099552788,-0.0012961696780748636,-0.002213340868706708,-0.0023484058056515524,-0.0016356636363297197,-0.0022996185690880326,0.0011156108343409544,72
0.0019288063049316406,0.002878789547987097,0.0014363765716552735,0.003852595453444914,cholesky,0.012742749857031334,"{'solver': 'cholesky', 'alpha': 0.012742749857031334}",-0.0013547980586582158,-0.001988832100485326,-0.0031059389274923476,-0.0016426403281731825,-0.002129452187755618,-0.00528094409955279,-0.0012961696780748645,-0.002213340868706706,-0.0023484058056515537,-0.0016356636363297201,-0.0022996185690880326,0.001115610834340955,72
0.025861287117004396,0.06559381225601095,0.0007595539093017579,0.000983822020948256,lsqr,0.012742749857031334,"{'solver': 'lsqr', 'alpha': 0.012742749857031334}",-0.001354712289495691,-0.0019889215215984383,-0.0031059279888337277,-0.001642684242898236,-0.002129436424397833,-0.0052809284767248495,-0.0012960706132246896,-0.0022136151508797483,-0.00234847942993165,-0.0016357082764079105,-0.002299648441439277,0.0011156127548912341,107
0.0015000104904174805,0.000705722475768213,0.00025179386138916013,0.00019304310665328524,sparse_cg,0.012742749857031334,"{'solver': 'sparse_cg', 'alpha': 0.012742749857031334}",-0.0013547938213449519,-0.001988833057208023,-0.0031059279938290144,-0.0016426376905624477,-0.0021294551903400915,-0.005280928450864666,-0.0012961711818956765,-0.00221333368428007,-0.002348431695098546,-0.0016357082875321483,-0.0022996221052955634,0.0011156036801424406,76
0.003221869468688965,0.0020856302460939952,0.000335693359375,0.00026444051363444635,sag,0.012742749857031334,"{'solver': 'sag', 'alpha': 0.012742749857031334}",-0.0013547887547878438,-0.0019888320368094477,-0.003105941621491926,-0.0016426345758914838,-0.002129470225279092,-0.005280958080902282,-0.001296167926066729,-0.0022133475887664332,-0.002348427842765417,-0.001635655164036619,-0.002299622381679727,0.0011156163249845792,77
0.002527666091918945,0.0011757589580661436,0.00021035671234130858,0.00014243869208157322,saga,0.012742749857031334,"{'solver': 'saga', 'alpha': 0.012742749857031334}",-0.0013547977569203715,-0.0019888335424805047,-0.003105954222309808,-0.001642621375428878,-0.002129464942912318,-0.005280990872038755,-0.0012961745069951522,-0.0022133192691564047,-0.002348378134205256,-0.0016356423028199812,-0.002299617692526743,0.0011156262275319533,71
0.0016723394393920899,0.0014725168901777283,0.0005799770355224609,0.0002852188656953663,auto,0.03359818286283781,"{'solver': 'auto', 'alpha': 0.03359818286283781}",-0.0013547933507782844,-0.0019888146119913207,-0.0031059155614609345,-0.0016426029987885663,-0.002129440865545956,-0.005281051559844472,-0.0012961941281937617,-0.0022133140470604676,-0.0023483271628666684,-0.001635558723468168,-0.00229960130099986,0.0011156450288231194,65
0.018337488174438477,0.014634751905809242,0.0006616353988647461,0.0005094967710539463,svd,0.03359818286283781,"{'solver': 'svd', 'alpha': 0.03359818286283781}",-0.0013547933507782842,-0.0019888146119913215,-0.003105915561460934,-0.001642602998788567,-0.002129440865545955,-0.005281051559844468,-0.0012961941281937612,-0.00221331404706047,-0.002348327162866668,-0.0016355587234681678,-0.00229960130099986,0.0011156450288231183,65
0.0025389432907104493,0.0025307583442458585,0.0005824565887451172,0.0005916014294762515,cholesky,0.03359818286283781,"{'solver': 'cholesky', 'alpha': 0.03359818286283781}",-0.0013547933507782844,-0.0019888146119913207,-0.0031059155614609345,-0.0016426029987885663,-0.002129440865545956,-0.005281051559844472,-0.0012961941281937617,-0.0022133140470604676,-0.0023483271628666684,-0.001635558723468168,-0.00229960130099986,0.0011156450288231194,65
0.03395569324493408,0.08359705037466877,0.000552511215209961,0.0007085697261889618,lsqr,0.03359818286283781,"{'solver': 'lsqr', 'alpha': 0.03359818286283781}",-0.0013547077470793393,-0.0019889038742668163,-0.003105904644427807,-0.0016426468180358136,-0.0021294251389792876,-0.005281035973159524,-0.0012960952718890939,-0.0022135877335532172,-0.0023484006611802118,-0.0016356032701035912,-0.0022996311132674704,0.0011156469451377334,102
0.0018267631530761719,0.0022133686195975276,0.0002031564712524414,0.00010958079200561542,sparse_cg,0.03359818286283781,"{'solver': 'sparse_cg', 'alpha': 0.03359818286283781}",-0.0013547891197354003,-0.001988815566614929,-0.003105904653205551,-0.0016426003681460548,-0.0021294438618058627,-0.005281035949153177,-0.0012961956319529062,-0.0022133068760421914,-0.0023483530007368004,-0.0016356032814941277,-0.0022996048308887005,0.001115637890621256,68
0.0024770259857177734,0.00153037687613791,0.0005939006805419922,0.001023278115189496,sag,0.03359818286283781,"{'solver': 'sag', 'alpha': 0.03359818286283781}",-0.001354809298361813,-0.0019887715424897266,-0.0031059395085609705,-0.0016425929503389159,-0.0021294301386014973,-0.005281070098764656,-0.0012961969162950358,-0.002213322944960946,-0.002348353433164793,-0.0016355648119896677,-0.0022996051643528028,0.0011156517514142315,69
0.004713106155395508,0.0031703748666224384,0.0003220558166503906,0.0002491406572146356,saga,0.03359818286283781,"{'solver': 'saga', 'alpha': 0.03359818286283781}",-0.0013547902516207987,-0.0019888200015948324,-0.003105932555653284,-0.0016425831437253055,-0.0021294533605019325,-0.005281104981100676,-0.0012962016464283447,-0.002213287276104611,-0.002348306630172404,-0.001635529664193578,-0.002299600951109577,0.001115662795292801,64
0.0005113601684570313,0.0005199944388031414,0.00019099712371826172,0.000124556695424446,auto,0.08858667904100823,"{'solver': 'auto', 'alpha': 0.08858667904100823}",-0.0013547810204248556,-0.0019887685823544612,-0.003105854134458973,-0.0016425050139473381,-0.0021294110474506718,-0.005281334292281218,-0.0012962585768008287,-0.0022132436806006,-0.002348120247266508,-0.0016352827376789874,-0.0022995559333264443,0.0011157349747644206,60
0.016695523262023927,0.010059215596137948,0.0006295204162597656,0.0003220136476188833,svd,0.08858667904100823,"{'solver': 'svd', 'alpha': 0.08858667904100823}",-0.0013547810204248552,-0.0019887685823544617,-0.0031058541344589725,-0.001642505013947339,-0.002129411047450671,-0.0052813342922812135,-0.0012962585768008282,-0.002213243680600602,-0.002348120247266508,-0.001635282737678987,-0.002299555933326444,0.0011157349747644193,59
0.0014878511428833008,0.001288126182782713,0.0003232479095458984,0.00018458528377538632,cholesky,0.08858667904100823,"{'solver': 'cholesky', 'alpha': 0.08858667904100823}",-0.0013547810204248556,-0.0019887685823544612,-0.003105854134458973,-0.0016425050139473381,-0.0021294110474506718,-0.005281334292281218,-0.0012962585768008287,-0.0022132436806006,-0.002348120247266508,-0.0016352827376789874,-0.0022995559333264443,0.0011157349747644206,60
0.026996469497680663,0.05351683171214418,0.0002907991409301758,0.00020212415214477644,lsqr,0.08858667904100823,"{'solver': 'lsqr', 'alpha': 0.08858667904100823}",-0.001354695851124172,-0.001988857427484862,-0.003105843274192501,-0.0016425485826609063,-0.0021293954173830978,-0.005281318800388593,-0.0012961602677477074,-0.0022135158041990395,-0.002348193414769822,-0.0016353270390935437,-0.0022995855879044246,0.001115736879966832,63
0.0028609991073608398,0.005875219116653954,0.00025641918182373047,0.00019339054503249154,sparse_cg,0.08858667904100823,"{'solver': 'sparse_cg', 'alpha': 0.08858667904100823}",-0.0013547768037783575,-0.0019887695314993923,-0.00310584328221369,-0.0016425024015737397,-0.002129414025899766,-0.005281318780343835,-0.001296260065796407,-0.0022132365515035238,-0.0023481459515810638,-0.0016353270479649842,-0.002299559444215476,0.0011157278791735466,62
0.003390049934387207,0.002027385151407694,0.0003048419952392578,0.0002151881672111666,sag,0.08858667904100823,"{'solver': 'sag', 'alpha': 0.08858667904100823}",-0.0013547557856297171,-0.001988730923927709,-0.0031058373605384725,-0.0016425017050706544,-0.0021294162157869164,-0.005281370899467674,-0.0012962562324602695,-0.002213214571699389,-0.0023481125036840965,-0.0016352723096609836,-0.0022995468507925883,0.0011157478708442813,57
0.002752804756164551,0.0018660765777170013,0.0001985788345336914,0.0001486103166563496,saga,0.08858667904100823,"{'solver': 'saga', 'alpha': 0.08858667904100823}",-0.0013547825497942944,-0.001988772822390362,-0.003105857735769994,-0.0016424857558687877,-0.0021294288659192964,-0.00528139098206493,-0.0012962605690748663,-0.002213220757989298,-0.0023480896351431085,-0.0016352681906063931,-0.0022995557864621333,0.00111575173115352,58
0.000793910026550293,0.0005404849008381419,0.00035407543182373045,0.00022017403808928532,auto,0.23357214690901212,"{'solver': 'auto', 'alpha': 0.23357214690901212}",-0.0013547490778544294,-0.001988647778324494,-0.0031056934232946832,-0.0016422496865630314,-0.0021293326655446084,-0.005282075596937318,-0.0012964283781809942,-0.0022130605575479863,-0.0023475777040547086,-0.0016345594292882645,-0.002299437429759052,0.0011159706616582286,50
0.01785430908203125,0.013008363663310134,0.0004052162170410156,0.0002683138834533896,svd,0.23357214690901212,"{'solver': 'svd', 'alpha': 0.23357214690901212}",-0.0013547490778544292,-0.0019886477783244948,-0.003105693423294683,-0.0016422496865630318,-0.0021293326655446084,-0.005282075596937316,-0.001296428378180994,-0.0022130605575479884,-0.002347577704054709,-0.0016345594292882645,-0.0022994374297590522,0.0011159706616582282,52
0.0013256311416625977,0.0012552707145431544,0.0003831148147583008,0.00019154983841527287,cholesky,0.23357214690901212,"{'solver': 'cholesky', 'alpha': 0.23357214690901212}",-0.0013547490778544294,-0.001988647778324494,-0.0031056934232946832,-0.0016422496865630314,-0.0021293326655446084,-0.005282075596937318,-0.0012964283781809942,-0.0022130605575479863,-0.0023475777040547086,-0.0016345594292882645,-0.002299437429759052,0.0011159706616582286,50
0.035308337211608885,0.05976531435729454,0.0007555723190307617,0.001346967480304875,lsqr,0.23357214690901212,"{'solver': 'lsqr', 'alpha': 0.23357214690901212}",-0.0013546650410302195,-0.001988735534985589,-0.003105682710967059,-0.0016422926030119243,-0.002129317286435064,-0.005282060351518617,-0.0012963314940970328,-0.002213328613297355,-0.0023476500084128322,-0.0016346030920827341,-0.002299466673583843,0.0011159725379441818,56
0.006699895858764649,0.008905714901608214,0.0002568960189819336,0.000220965774448564,sparse_cg,0.23357214690901212,"{'solver': 'sparse_cg', 'alpha': 0.23357214690901212}",-0.0013547449336178238,-0.001988648713235597,-0.0031056827182682754,-0.001642247117317138,-0.002129335598563071,-0.005282060328485552,-0.0012964298529385275,-0.0022130535317005577,-0.0023476030561792836,-0.0016346031020914142,-0.0022994408952397237,0.0011159636681933403,55
0.003025197982788086,0.002104463436036,0.00021901130676269532,0.0001479116352764361,sag,0.23357214690901212,"{'solver': 'sag', 'alpha': 0.23357214690901212}",-0.0013547295709413526,-0.001988667094316824,-0.003105711420604111,-0.0016422466943440193,-0.0021293452563489836,-0.005282070551795285,-0.0012964311663150696,-0.0022130774251947856,-0.0023475668853977323,-0.0016345612044786778,-0.002299440726973684,0.0011159711776423695,54
0.0027290105819702147,0.0015351618942490556,0.00021920204162597656,0.00019952197217429753,saga,0.23357214690901212,"{'solver': 'saga', 'alpha': 0.23357214690901212}",-0.001354747399102772,-0.0019886518449712736,-0.0031057075626499285,-0.0016422313345178555,-0.002129348486902719,-0.005282128641049222,-0.0012964321134358984,-0.002213039019978134,-0.002347553139494473,-0.0016345482004357184,-0.0022994387742538,0.0011159871227526565,53
0.008775091171264649,0.013741661696516852,0.0002605438232421875,0.0001964670012020739,auto,0.615848211066026,"{'solver': 'auto', 'alpha': 0.615848211066026}",-0.001354668690193466,-0.0019883330476826804,-0.0031052782263392897,-0.0016415969260226806,-0.002129127606923933,-0.005284001742560111,-0.0012968751453302802,-0.0022125936910741455,-0.002346167782792634,-0.0016326821670346757,-0.002299132502595389,0.0011165820768830118,45
0.011908507347106934,0.01132721427525669,0.000754094123840332,0.0007538543208502334,svd,0.615848211066026,"{'solver': 'svd', 'alpha': 0.615848211066026}",-0.0013546686901934658,-0.0019883330476826804,-0.0031052782263392884,-0.001641596926022681,-0.0021291276069239327,-0.005284001742560108,-0.00129687514533028,-0.002212593691074148,-0.0023461677827926334,-0.0016326821670346757,-0.002299132502595389,0.0011165820768830109,45
0.0018516063690185546,0.0014416574248454499,0.00036759376525878905,0.000214264372146454,cholesky,0.615848211066026,"{'solver': 'cholesky', 'alpha': 0.615848211066026}",-0.001354668690193466,-0.0019883330476826804,-0.0031052782263392897,-0.0016415969260226806,-0.002129127606923933,-0.005284001742560111,-0.0012968751453302802,-0.0022125936910741455,-0.002346167782792634,-0.0016326821670346757,-0.002299132502595389,0.0011165820768830118,45
0.028994202613830566,0.07411086161035867,0.00027904510498046877,0.00019264628977283698,lsqr,0.615848211066026,"{'solver': 'lsqr', 'alpha': 0.615848211066026}",-0.0013545875520983674,-0.0019884180117996884,-0.0031052678923417605,-0.001641638178762193,-0.002129112866099131,-0.005283987123739368,-0.0012967818972881079,-0.002212851378457546,-0.0023462378729303957,-0.0016327241996443025,-0.002299160697316086,0.001116583879495071,49
0.00355072021484375,0.003646769077233591,0.0003038644790649414,0.0002225840727313174,sparse_cg,0.615848211066026,"{'solver': 'sparse_cg', 'alpha': 0.615848211066026}",-0.0013546646889244238,-0.0019882969107944295,-0.003105267897415857,-0.0016415944671680218,-0.002129130423750916,-0.005283987099722921,-0.0012968765527739709,-0.002212586933808607,-0.002346151071640082,-0.0016327242086868385,-0.0022991280254686065,0.0011165762094933437,43
0.0031728744506835938,0.0022106293463180706,0.0004647970199584961,0.0006706236186728486,sag,0.615848211066026,"{'solver': 'sag', 'alpha': 0.615848211066026}",-0.0013546526990978404,-0.0019883206045174756,-0.0031052639909545593,-0.0016416085908985438,-0.0021291147709587006,-0.005284002260143965,-0.0012968974039749555,-0.002212609267425167,-0.002346184475266898,-0.0016326517531915332,-0.0022991305816429638,0.00111658216201631,44
0.004029631614685059,0.0032335769678723623,0.000327610969543457,0.00027379563294901266,saga,0.615848211066026,"{'solver': 'saga', 'alpha': 0.615848211066026}",-0.0013546694672217428,-0.0019883380762183633,-0.003105268376640301,-0.0016415812900309069,-0.0021291550645951133,-0.005284051850289635,-0.0012968778768519596,-0.002212573095636081,-0.0023461438616696646,-0.0016326706582303807,-0.0022991329617384148,0.001116595558406066,48
0.00043811798095703123,0.00046121871942376216,0.00014431476593017577,1.4699041978643755e-06,auto,1.623776739188721,"{'solver': 'auto', 'alpha': 1.623776739188721}",-0.001354481382750321,-0.0019875277343498225,-0.0031042402572329982,-0.0016400081805753633,-0.002128597305206761,-0.005288891832529566,-0.001298045663960518,-0.002211460812300599,-0.0023425859678327626,-0.0016279307543206154,-0.002298376989105933,0.0011181281325966066,38
0.013920331001281738,0.006302176735861115,0.000498199462890625,0.0002146005670225179,svd,1.623776739188721,"{'solver': 'svd', 'alpha': 1.623776739188721}",-0.001354481382750321,-0.001987527734349823,-0.003104240257232998,-0.0016400081805753638,-0.0021285973052067603,-0.005288891832529562,-0.0012980456639605173,-0.002211460812300601,-0.002342585967832763,-0.0016279307543206156,-0.0022983769891059326,0.0011181281325966057,37
0.0025367975234985352,0.004039555605983135,0.00014379024505615235,2.157523480871429e-06,cholesky,1.623776739188721,"{'solver': 'cholesky', 'alpha': 1.623776739188721}",-0.001354481382750321,-0.0019875277343498225,-0.0031042402572329982,-0.0016400081805753633,-0.002128597305206761,-0.005288891832529566,-0.001298045663960518,-0.002211460812300599,-0.0023425859678327626,-0.0016279307543206154,-0.002298376989105933,0.0011181281325966066,38
0.024241876602172852,0.04372408910412199,0.00028839111328125,0.00026678253209982294,lsqr,1.623776739188721,"{'solver': 'lsqr', 'alpha': 1.623776739188721}",-0.0013544073213017697,-0.001987434306372448,-0.0031042308448224476,-0.001640045408289059,-0.0021285840975768526,-0.0052888787173949875,-0.0012979612229020655,-0.002211693456731725,-0.002342650620931005,-0.001627968834596714,-0.0022983854830919076,0.0011181345264818338,41
0.0012342214584350586,0.0007677696855423197,0.00015223026275634766,2.206499223980876e-06,sparse_cg,1.623776739188721,"{'solver': 'sparse_cg', 'alpha': 1.623776739188721}",-0.0013544808279116471,-0.001987495085945778,-0.0031042308444993076,-0.0016400059882544877,-0.002128599841926976,-0.0052888786959246915,-0.0012980469402569775,-0.0022114547038924494,-0.0023425706936017004,-0.0016279688435020786,-0.002298373246571609,0.0011181225749174507,36
0.0022691011428833006,0.0016565703629297169,0.00019540786743164063,0.00015255187026685723,sag,1.623776739188721,"{'solver': 'sag', 'alpha': 1.623776739188721}",-0.0013545124077710652,-0.0019875141609971,-0.0031042733331305317,-0.0016400076892727667,-0.00212860776020144,-0.0052888744724936924,-0.0012980602275627614,-0.002211456519606012,-0.0023426226358348587,-0.0016279606282079138,-0.0022983889835078144,0.0011181205861409804,42
0.002089977264404297,0.0007648348584396063,0.0001442432403564453,6.782998100098363e-06,saga,1.623776739188721,"{'solver': 'saga', 'alpha': 1.623776739188721}",-0.0013544813557387592,-0.001987534793456808,-0.0031042498058172986,-0.001639991315230327,-0.0021285953396314146,-0.005288953249579796,-0.0012980546024914871,-0.0022114444636899275,-0.002342566228956482,-0.0016279105174662667,-0.0022983781672058566,0.0011181465390282042,40
0.00027425289154052733,8.061263230776199e-06,0.0001422882080078125,1.228723404572022e-06,auto,4.281332398719396,"{'solver': 'auto', 'alpha': 4.281332398719396}",-0.001354127748736204,-0.0019855472316289806,-0.003101855540945839,-0.001636590547811519,-0.002127258959582386,-0.005300622030751991,-0.0013010677803805145,-0.0022089726880912906,-0.0023339673192989607,-0.0016166314605248568,-0.0022966641307752547,0.0011218020287787637,33
0.009630918502807617,0.0053397665825777214,0.000389409065246582,0.0003294555377793342,svd,4.281332398719396,"{'solver': 'svd', 'alpha': 4.281332398719396}",-0.0013541277487362042,-0.001985547231628981,-0.003101855540945839,-0.0016365905478115195,-0.0021272589595823857,-0.005300622030751987,-0.0013010677803805143,-0.0022089726880912914,-0.0023339673192989607,-0.0016166314605248575,-0.0022966641307752543,0.0011218020287787627,32
0.0015050888061523438,0.002917174280581282,0.0002328634262084961,0.00017766612896102292,cholesky,4.281332398719396,"{'solver': 'cholesky', 'alpha': 4.281332398719396}",-0.001354127748736204,-0.0019855472316289806,-0.003101855540945839,-0.001636590547811519,-0.002127258959582386,-0.005300622030751991,-0.0013010677803805145,-0.0022089726880912906,-0.0023339673192989607,-0.0016166314605248568,-0.0022966641307752547,0.0011218020287787637,33
0.026921749114990234,0.06336929137983073,0.00064239501953125,0.00035003055196836845,lsqr,4.281332398719396,"{'solver': 'lsqr', 'alpha': 4.281332398719396}",-0.0013540690348660155,-0.001985477207128897,-0.003101848117574667,-0.0016366192398447473,-0.0021272489494528015,-0.005300612047782665,-0.0013009156289827638,-0.002209152387678099,-0.002334020000147818,-0.0016166611098743656,-0.0022966623723332837,0.0011218146403064928,31
0.003726816177368164,0.004405746098175478,0.00022070407867431642,0.00018821264744234948,sparse_cg,4.281332398719396,"{'solver': 'sparse_cg', 'alpha': 4.281332398719396}",-0.0013541271737206905,-0.0019855219740681786,-0.0031018481226591384,-0.0016365889048277366,-0.002127260905596926,-0.005300612029026761,-0.0013010687588456925,-0.0022089679580620638,-0.0023339551473574418,-0.001616661117623024,-0.002296661209178765,0.0011217977460730073,30
0.002849864959716797,0.001820517240754131,0.00019884109497070312,0.00014426416450252042,sag,4.281332398719396,"{'solver': 'sag', 'alpha': 4.281332398719396}",-0.0013541305114218385,-0.001985536526647877,-0.003101878504156472,-0.0016365917070010748,-0.002127263884567555,-0.005300613926812761,-0.0013010571106814193,-0.0022089714806920904,-0.002333907896326307,-0.001616629889957462,-0.0022966581438264863,0.0011218022832769898,29
0.0024791240692138674,0.0012515612382699912,0.0002886056900024414,0.00033393038028765637,saga,4.281332398719396,"{'solver': 'saga', 'alpha': 4.281332398719396}",-0.001354129123874167,-0.001985555770533054,-0.00310186787156236,-0.0016365758397597235,-0.002127256567926652,-0.005300697924067897,-0.0013010754098590775,-0.002208957885681669,-0.0023339465661996687,-0.0016166181947561485,-0.0022966681154220417,0.0011218239595554595,35
0.0008364200592041015,0.0009256450915296585,0.0004148006439208984,0.00027999884020079696,auto,11.288378916846883,"{'solver': 'auto', 'alpha': 11.288378916846883}",-0.0013537893688853006,-0.0019809885840437447,-0.003097432837861075,-0.001631168915658598,-0.0021240054145972706,-0.005325468229282859,-0.0013084947837076941,-0.002204034932426181,-0.002315433314309724,-0.0015933300518252737,-0.002293414643259772,0.001129434722082493,23
0.010736370086669922,0.006271225226283627,0.002106118202209473,0.003050012316656357,svd,11.288378916846883,"{'solver': 'svd', 'alpha': 11.288378916846883}",-0.0013537893688853006,-0.001980988584043745,-0.0030974328378610737,-0.001631168915658598,-0.0021240054145972697,-0.0053254682292828565,-0.0013084947837076937,-0.002204034932426182,-0.0023154333143097245,-0.0015933300518252745,-0.002293414643259772,0.0011294347220824922,23
0.0061667442321777345,0.00936040781071172,0.0002092123031616211,0.00014191807592961827,cholesky,11.288378916846883,"{'solver': 'cholesky', 'alpha': 11.288378916846883}",-0.0013537893688853006,-0.0019809885840437447,-0.003097432837861075,-0.001631168915658598,-0.0021240054145972706,-0.005325468229282859,-0.0013084947837076941,-0.002204034932426181,-0.002315433314309724,-0.0015933300518252737,-0.002293414643259772,0.001129434722082493,23
0.02069528102874756,0.04899630185160525,0.0004369020462036133,0.0005097656877491927,lsqr,11.288378916846883,"{'solver': 'lsqr', 'alpha': 11.288378916846883}",-0.0013537255889299708,-0.001980953147334507,-0.0030975632224395115,-0.001631236199473286,-0.0021238062563097133,-0.005325564423571158,-0.0013084073120364754,-0.0022041319367025985,-0.0023154654920163388,-0.0015936620517796396,-0.00229345156305932,0.001129461508378161,28
0.0029716253280639648,0.004631071467003003,0.0007172822952270508,0.0011945016426808655,sparse_cg,11.288378916846883,"{'solver': 'sparse_cg', 'alpha': 11.288378916846883}",-0.0013537888978441882,-0.0019809749222053715,-0.003097428665649526,-0.0016311842439385117,-0.0021240002432737605,-0.005325462990236358,-0.0013084953009066475,-0.00220403238174375,-0.002315426231967385,-0.0015933462974044277,-0.0022934140175169928,0.0011294315688242533,22
0.0027033090591430664,0.0018616905436513785,0.0002556324005126953,0.00021668119530253007,sag,11.288378916846883,"{'solver': 'sag', 'alpha': 11.288378916846883}",-0.0013537995585430253,-0.001981003820442932,-0.0030974500217298504,-0.0016311594923637948,-0.00212399899469484,-0.005325449927063237,-0.0013084812189107118,-0.0022040546384914706,-0.002315437333903746,-0.0015933162679036515,-0.0022934151274047257,0.0011294323009148118,26
0.002736687660217285,0.0014384786796990884,0.00042333602905273435,0.0003616908888696026,saga,11.288378916846883,"{'solver': 'saga', 'alpha': 11.288378916846883}",-0.0013537871624729166,-0.0019809897103067555,-0.003097440963511016,-0.0016311615391073173,-0.0021240203513605677,-0.0053255100960979485,-0.001308504607742697,-0.002204030641209406,-0.0023154183333418668,-0.0015933166114235594,-0.002293418001657405,0.0011294468820877328,27
0.0003408670425415039,0.0001912658289567963,0.00017461776733398437,9.513141514319618e-05,auto,29.763514416313132,"{'solver': 'auto', 'alpha': 29.763514416313132}",-0.001354183220858758,-0.0019711658372977736,-0.0030930219893683993,-0.001628102476485996,-0.0021164015848697927,-0.005367943703526699,-0.001324625018132616,-0.0021927479687451415,-0.0022817306988639407,-0.0015570286231570822,-0.00228869511213062,0.0011420569150779767,19
0.015293502807617187,0.010487232113263158,0.0015366554260253906,0.0034783154597116364,svd,29.763514416313132,"{'solver': 'svd', 'alpha': 29.763514416313132}",-0.0013541832208587578,-0.0019711658372977736,-0.0030930219893683998,-0.0016281024764859958,-0.002116401584869792,-0.005367943703526697,-0.001324625018132616,-0.0021927479687451415,-0.0022817306988639407,-0.001557028623157083,-0.0022886951121306198,0.0011420569150779765,18
0.00194094181060791,0.00494658800383198,0.00014889240264892578,1.072260887838465e-05,cholesky,29.763514416313132,"{'solver': 'cholesky', 'alpha': 29.763514416313132}",-0.001354183220858758,-0.0019711658372977736,-0.0030930219893683993,-0.001628102476485996,-0.0021164015848697927,-0.005367943703526699,-0.001324625018132616,-0.0021927479687451415,-0.0022817306988639407,-0.0015570286231570822,-0.00228869511213062,0.0011420569150779767,19
0.027147984504699706,0.07006415390182155,0.00028779506683349607,0.00018979647738970613,lsqr,29.763514416313132,"{'solver': 'lsqr', 'alpha': 29.763514416313132}",-0.0013542647075112442,-0.001971023231241221,-0.003093205154938482,-0.0016280107354200999,-0.002116437924941332,-0.005367174396331786,-0.001324630319459453,-0.0021927024542037084,-0.002281449545943083,-0.0015568702364592401,-0.002288576870644965,0.001141874713937628,15
0.001710963249206543,0.0022982882851320004,0.00023705959320068358,0.00016908826661633458,sparse_cg,29.763514416313132,"{'solver': 'sparse_cg', 'alpha': 29.763514416313132}",-0.0013541736135607952,-0.0019711776022030662,-0.0030930208292646406,-0.001628106363066773,-0.0021164003344510845,-0.005367942390272957,-0.0013246153192659781,-0.0021927734962532922,-0.002281741629608856,-0.0015570329732428451,-0.0022886984551190284,0.0011420570513370606,21
0.0025521039962768553,0.0016893640589353456,0.00029425621032714845,0.00021391248679140186,sag,29.763514416313132,"{'solver': 'sag', 'alpha': 29.763514416313132}",-0.001354183757884747,-0.0019711646954397254,-0.003093038794744165,-0.0016280992074500856,-0.002116414733298561,-0.005367948597195884,-0.0013246215154588121,-0.0021927481103006232,-0.002281708661940312,-0.001557020746403872,-0.0022886948820116785,0.001142060209222951,17
0.0019994735717773437,0.0012152316650595777,0.00024845600128173826,0.0001963102863539094,saga,29.763514416313132,"{'solver': 'saga', 'alpha': 29.763514416313132}",-0.001354175016210971,-0.0019711730063056367,-0.0030930326629266505,-0.0016280959861759143,-0.0021163970168426188,-0.005367892618594349,-0.0013246410655607733,-0.0021927540799511333,-0.00228172051090632,-0.0015570245024363392,-0.0022886906465910705,0.0011420436737693874,16
0.0025571584701538086,0.001992163091786104,0.0008433341979980468,0.001311590062533184,auto,78.47599703514607,"{'solver': 'auto', 'alpha': 78.47599703514607}",-0.0013557316979720222,-0.0019522982776585722,-0.0030987642190723344,-0.00163994605453271,-0.002100788523647819,-0.005425875317688711,-0.001354551246150995,-0.0021631534513325335,-0.002227937790785193,-0.0015221935861096086,-0.0022841240164950503,0.0011583294847139726,5
0.01663098335266113,0.0263274896518875,0.0007873058319091796,0.0009338148178884181,svd,78.47599703514607,"{'solver': 'svd', 'alpha': 78.47599703514607}",-0.0013557316979720224,-0.0019522982776585718,-0.0030987642190723344,-0.0016399460545327097,-0.002100788523647818,-0.0054258753176887106,-0.001354551246150995,-0.0021631534513325335,-0.0022279377907851936,-0.0015221935861096094,-0.00228412401649505,0.0011583294847139723,4
0.0006298065185546875,0.0004934067304478985,0.00025920867919921876,0.0001780049717128501,cholesky,78.47599703514607,"{'solver': 'cholesky', 'alpha': 78.47599703514607}",-0.0013557316979720222,-0.0019522982776585722,-0.0030987642190723344,-0.00163994605453271,-0.002100788523647819,-0.005425875317688711,-0.001354551246150995,-0.0021631534513325335,-0.002227937790785193,-0.0015221935861096086,-0.0022841240164950503,0.0011583294847139726,5
0.02981142997741699,0.04976235748820784,0.0003541707992553711,0.0002350534479850871,lsqr,78.47599703514607,"{'solver': 'lsqr', 'alpha': 78.47599703514607}",-0.0013557776409127186,-0.0019524902538426638,-0.0030985770681253196,-0.0016399216882453673,-0.002100860464027018,-0.005425720968913588,-0.001354578421256872,-0.002162948963105241,-0.002227914833048131,-0.0015222546176520341,-0.0022841044919128953,0.0011582615488871441,1
0.0039530515670776365,0.003841998414887005,0.0007255315780639648,0.0013687856868744254,sparse_cg,78.47599703514607,"{'solver': 'sparse_cg', 'alpha': 78.47599703514607}",-0.0013557430439156799,-0.0019522811110203415,-0.003098785435680869,-0.001639939563595279,-0.0021007950982102584,-0.005425878589369937,-0.0013545528565519892,-0.0021631503877706784,-0.0022279015437526493,-0.0015221769472876891,-0.002284120457715537,0.0011583328767121141,2
0.002458357810974121,0.0019265818867492696,0.00029222965240478517,0.00023135535122421582,sag,78.47599703514607,"{'solver': 'sag', 'alpha': 78.47599703514607}",-0.0013557251644010899,-0.0019522803267488613,-0.0030987552558208093,-0.0016399390395906428,-0.0021007934850448633,-0.005425865151065393,-0.0013545601911612525,-0.0021631596276801657,-0.0022279332735450096,-0.0015221958758646066,-0.0022841207390922698,0.0011583265352940269,3
0.0015496253967285157,0.0009942980489923935,0.00030667781829833983,0.0002596041376845468,saga,78.47599703514607,"{'solver': 'saga', 'alpha': 78.47599703514607}",-0.001355734031275948,-0.0019522962073384646,-0.0030987829335245272,-0.0016399405987719503,-0.002100774879076203,-0.005425877059136996,-0.0013545528329664026,-0.0021631406661892514,-0.002227951976318113,-0.0015221983837096708,-0.002284124956830753,0.0011583312867126684,7
0.0002763032913208008,1.4535499135893088e-05,0.00014209747314453125,1.4384368065832478e-06,auto,206.913808111479,"{'solver': 'auto', 'alpha': 206.913808111479}",-0.00136154439356642,-0.0019303050770627754,-0.003134047609771618,-0.0016853635976930802,-0.0020812094184618265,-0.005499273882747207,-0.0014078865907509192,-0.0021103519588477,-0.0021487523009690803,-0.0015172733080911726,-0.00228760081379618,0.0011764285586500932,9
0.02288970947265625,0.03270541797953262,0.00043363571166992186,0.00037532623008313347,svd,206.913808111479,"{'solver': 'svd', 'alpha': 206.913808111479}",-0.0013615443935664205,-0.001930305077062775,-0.003134047609771618,-0.0016853635976930802,-0.0020812094184618265,-0.005499273882747206,-0.0014078865907509192,-0.0021103519588477,-0.00214875230096908,-0.0015172733080911732,-0.00228760081379618,0.001176428558650093,9
0.0022118330001831056,0.0020109672005974794,0.0003543376922607422,0.00020463270391771841,cholesky,206.913808111479,"{'solver': 'cholesky', 'alpha': 206.913808111479}",-0.00136154439356642,-0.0019303050770627754,-0.003134047609771618,-0.0016853635976930802,-0.0020812094184618265,-0.005499273882747207,-0.0014078865907509192,-0.0021103519588477,-0.0021487523009690803,-0.0015172733080911726,-0.00228760081379618,0.0011764285586500932,9
0.025212597846984864,0.04625429198422334,0.00033109188079833985,0.00025613149494915625,lsqr,206.913808111479,"{'solver': 'lsqr', 'alpha': 206.913808111479}",-0.0013615527500349894,-0.0019304160138860747,-0.0031341840340205814,-0.0016855097194703255,-0.0020809728620597096,-0.005499455150792351,-0.001407873508716215,-0.0021103378164619557,-0.0021487131460910316,-0.0015174498219430177,-0.0022876464823476253,0.0011764706048175877,14
0.0020883798599243162,0.001003137307969372,0.0005835294723510742,0.00023246276679641254,sparse_cg,206.913808111479,"{'solver': 'sparse_cg', 'alpha': 206.913808111479}",-0.0013615477260606715,-0.0019303224442506982,-0.0031340828640612868,-0.001685365097562778,-0.002081210204236605,-0.0054993023225633625,-0.0014078952865261307,-0.0021103627757421218,-0.0021487881440676003,-0.0015172826637096378,-0.002287615952878089,0.0011764361301528543,13
0.0009861230850219727,2.9251822165797477e-05,0.00015485286712646484,8.9082127781408e-06,sag,206.913808111479,"{'solver': 'sag', 'alpha': 206.913808111479}",-0.0013615372023252914,-0.0019303066262552609,-0.0031340457763476648,-0.0016853582627093405,-0.0020812065425520787,-0.00549928282577527,-0.001407902461772399,-0.002110357918804344,-0.0021487928422569778,-0.0015172690927493326,-0.0022876059551547962,0.0011764302317906392,12
0.0010344266891479492,7.115706643377495e-05,0.00017948150634765624,0.00010381341784749283,saga,206.913808111479,"{'solver': 'saga', 'alpha': 206.913808111479}",-0.0013615576023338597,-0.0019303018972887135,-0.00313406625939081,-0.0016853649642965794,-0.0020811901875761605,-0.005499263957414349,-0.001407860858555854,-0.002110351631432095,-0.002148750806121139,-0.001517271380506431,-0.002287597954491599,0.0011764285881756722,8
0.00043613910675048827,0.00031897080769180695,0.00025992393493652345,0.00017782490279134885,auto,545.5594781168514,"{'solver': 'auto', 'alpha': 545.5594781168514}",-0.0013816211428615333,-0.0019348314726179516,-0.003209677811021214,-0.0017781818110318912,-0.0020777238553298227,-0.005594123213310572,-0.001498084158637987,-0.0020654483183254807,-0.002056784807367047,-0.001569161197345475,-0.0023165637787848975,0.0011943972980341575,116
0.011298727989196778,0.008091046291648904,0.0012924671173095703,0.0032479909235536945,svd,545.5594781168514,"{'solver': 'svd', 'alpha': 545.5594781168514}",-0.0013816211428615338,-0.0019348314726179514,-0.0032096778110212135,-0.0017781818110318912,-0.0020777238553298227,-0.005594123213310573,-0.0014980841586379873,-0.0020654483183254807,-0.002056784807367047,-0.001569161197345475,-0.0023165637787848975,0.0011943972980341577,116
0.005708932876586914,0.005199949439495263,0.0003615379333496094,0.00044420726699281383,cholesky,545.5594781168514,"{'solver': 'cholesky', 'alpha': 545.5594781168514}",-0.0013816211428615333,-0.0019348314726179516,-0.003209677811021214,-0.0017781818110318912,-0.0020777238553298227,-0.005594123213310572,-0.001498084158637987,-0.0020654483183254807,-0.002056784807367047,-0.001569161197345475,-0.0023165637787848975,0.0011943972980341575,116
0.019834446907043456,0.03291808187360145,0.0003040313720703125,0.00019269652120427693,lsqr,545.5594781168514,"{'solver': 'lsqr', 'alpha': 545.5594781168514}",-0.0013815612732602245,-0.001934829820139172,-0.0032098002070684896,-0.0017782460906924675,-0.0020777339245872206,-0.00559412681763642,-0.0014980393030812201,-0.0020653877541446245,-0.002056777646341121,-0.001569100553238779,-0.002316560339018974,0.0011944173786522082,113
0.0007404088973999023,0.0005392122493009195,0.0001497030258178711,2.207014400085019e-06,sparse_cg,545.5594781168514,"{'solver': 'sparse_cg', 'alpha': 545.5594781168514}",-0.001381621460332349,-0.0019348356568369566,-0.003209679025402847,-0.0017781886649394876,-0.0020777129759990964,-0.005594124462570112,-0.0014980839560755606,-0.002065456385743031,-0.002056760984795966,-0.0015691680220718666,-0.002316563159476727,0.0011943974170555924,115
0.0008740901947021484,6.547225966755415e-05,0.000194549560546875,0.0001525207833900459,sag,545.5594781168514,"{'solver': 'sag', 'alpha': 545.5594781168514}",-0.0013816212573159773,-0.0019348335123071483,-0.00320969299869252,-0.0017781839973780179,-0.0020777195903347273,-0.005594107638304013,-0.0014980797263193563,-0.0020654302757135527,-0.0020567850938615242,-0.0015691610156745995,-0.002316561510590144,0.001194394760563002,114
0.0026607275009155273,0.0018414030344068677,0.00038270950317382814,0.00029107242762702344,saga,545.5594781168514,"{'solver': 'saga', 'alpha': 545.5594781168514}",-0.001381633427576111,-0.0019348332984846126,-0.0032096865230228804,-0.001778176422893955,-0.0020777186033186265,-0.005594133165354867,-0.0014980773820814886,-0.0020654529511313783,-0.002056782145841568,-0.0015691602893878945,-0.0023165654209093382,0.0011944004900446155,119
0.0005316734313964844,0.00037658027018713694,0.00029671192169189453,0.00023922253600936358,auto,1438.44988828766,"{'solver': 'auto', 'alpha': 1438.44988828766}",-0.0014162452767706808,-0.001985606183625625,-0.003300552953525387,-0.0019055550360872115,-0.0021006191982800614,-0.0057097610333659305,-0.001616658108453405,-0.0020630384853002033,-0.001987703624287068,-0.0016748340731054525,-0.0023760573972801025,0.0012106363210947668,122
0.01384267807006836,0.006861969574829746,0.00046899318695068357,0.00024054750874122233,svd,1438.44988828766,"{'solver': 'svd', 'alpha': 1438.44988828766}",-0.0014162452767706808,-0.001985606183625625,-0.003300552953525387,-0.0019055550360872115,-0.0021006191982800614,-0.00570976103336593,-0.001616658108453405,-0.0020630384853002033,-0.001987703624287068,-0.0016748340731054527,-0.002376057397280102,0.0012106363210947664,121
0.003978085517883301,0.005021333237171129,0.0003875017166137695,0.0003577835387933384,cholesky,1438.44988828766,"{'solver': 'cholesky', 'alpha': 1438.44988828766}",-0.0014162452767706808,-0.001985606183625625,-0.003300552953525387,-0.0019055550360872115,-0.0021006191982800614,-0.0057097610333659305,-0.001616658108453405,-0.0020630384853002033,-0.001987703624287068,-0.0016748340731054525,-0.0023760573972801025,0.0012106363210947668,122
0.020980000495910645,0.02978133909419537,0.00032508373260498047,0.00023128242164155327,lsqr,1438.44988828766,"{'solver': 'lsqr', 'alpha': 1438.44988828766}",-0.0014162890127406534,-0.0019856140506198795,-0.0033005391572733843,-0.0019055396881047224,-0.0021006084617732545,-0.0057098105296572044,-0.0016166317206148585,-0.0020630518303062294,-0.001987662022438883,-0.001674831635424052,-0.0023760578108953123,0.001210648802975027,126
0.0015804767608642578,0.0016839185278543973,0.000205230712890625,0.00014511361261575426,sparse_cg,1438.44988828766,"{'solver': 'sparse_cg', 'alpha': 1438.44988828766}",-0.0014162442395248666,-0.0019856060854823118,-0.0033005552471815085,-0.0019055562946108293,-0.0021006259113464003,-0.0057097545662067595,-0.0016166663722487645,-0.002063037230807983,-0.0019876990972026625,-0.001674832881430271,-0.0023760577926042357,0.001210634327479027,125
0.0017477512359619141,0.0017146099242967266,0.0002964019775390625,0.00022347600044533475,sag,1438.44988828766,"{'solver': 'sag', 'alpha': 1438.44988828766}",-0.0014162453048715239,-0.001985610169765863,-0.0033005528517475718,-0.0019055525170198306,-0.0021006227319345446,-0.005709761929188915,-0.0016166556747809254,-0.0020630139228807126,-0.0019877238663698078,-0.0016748318305904052,-0.0023760570799150095,0.0012106367150568624,120
0.0016452312469482423,0.0009446532185153772,0.0003017425537109375,0.0002591364549740962,saga,1438.44988828766,"{'solver': 'saga', 'alpha': 1438.44988828766}",-0.001416247675716327,-0.0019856074675370975,-0.0033005503687307783,-0.0019055526872764279,-0.0021006185217220313,-0.00570976184652789,-0.0016166522175147771,-0.0020630404576960854,-0.001987703239112483,-0.0016748413993031756,-0.0023760575881137075,0.0012106361292415911,124
0.00046136379241943357,0.0003553381968545314,0.00014495849609375,1.913299813054932e-06,auto,3792.690190732246,"{'solver': 'auto', 'alpha': 3792.690190732246}",-0.0014540073813705417,-0.002059044643746022,-0.0033748349013509264,-0.0020296175618146764,-0.0021402947055854217,-0.00582512856129855,-0.0017299602718384615,-0.002094775803263016,-0.001959386238327159,-0.0017929707828770864,-0.0024460020851471862,0.0012239758744707224,128
0.018361234664916994,0.006391328701117489,0.00042145252227783204,0.00023826059948706458,svd,3792.690190732246,"{'solver': 'svd', 'alpha': 3792.690190732246}",-0.001454007381370542,-0.002059044643746022,-0.0033748349013509264,-0.0020296175618146764,-0.0021402947055854213,-0.00582512856129855,-0.0017299602718384615,-0.002094775803263016,-0.001959386238327159,-0.0017929707828770864,-0.0024460020851471862,0.0012239758744707224,128
0.0033119678497314452,0.007751451091843331,0.00035877227783203124,0.00017233210235142533,cholesky,3792.690190732246,"{'solver': 'cholesky', 'alpha': 3792.690190732246}",-0.0014540073813705417,-0.002059044643746022,-0.0033748349013509264,-0.0020296175618146764,-0.0021402947055854217,-0.00582512856129855,-0.0017299602718384615,-0.002094775803263016,-0.001959386238327159,-0.0017929707828770864,-0.0024460020851471862,0.0012239758744707224,128
0.021445441246032714,0.021588027322500702,0.0004715919494628906,0.0002675806669615145,lsqr,3792.690190732246,"{'solver': 'lsqr', 'alpha': 3792.690190732246}",-0.0014539617246941998,-0.002059024934028844,-0.0033748161318176316,-0.0020296151480304666,-0.0021402944771752377,-0.005825177426081463,-0.0017299629877779237,-0.002094752667619613,-0.001959409605109372,-0.001792960722237723,-0.0024459975824572475,0.001223992464791816,127
0.00074005126953125,0.0006817901829317592,0.0001506805419921875,3.3902417751032713e-06,sparse_cg,3792.690190732246,"{'solver': 'sparse_cg', 'alpha': 3792.690190732246}",-0.0014540088046662153,-0.00205904469831974,-0.0033748345725406145,-0.0020296172867015905,-0.002140294332325689,-0.005825129766204091,-0.001729959518154499,-0.0020947760147433324,-0.0019593852911063705,-0.0017929709556139387,-0.002446002124037608,0.0012239761502346675,131
0.0012670993804931641,0.0008219425392795933,0.00027806758880615233,0.00020016752814058423,sag,3792.690190732246,"{'solver': 'sag', 'alpha': 3792.690190732246}",-0.0014540042521977755,-0.0020590457619742786,-0.003374839455846836,-0.00202961658207955,-0.0021403005422016837,-0.005825134787150075,-0.0017299602963490278,-0.002094775592273272,-0.001959386128592265,-0.0017929673457215717,-0.0024460030744386336,0.0012239782370924773,133
0.00093536376953125,8.58127919718586e-05,0.00014276504516601561,1.7610726654643426e-06,saga,3792.690190732246,"{'solver': 'saga', 'alpha': 3792.690190732246}",-0.00145400760448171,-0.0020590476905829776,-0.0033748363697418855,-0.0020296217519535182,-0.002140294321973902,-0.0058251291145867135,-0.0017299602658889346,-0.002094775899631769,-0.0019593857675158405,-0.001792969701132207,-0.0024460028487489458,0.001223975965298154,132
0.0008165359497070313,0.0006413243673009156,0.000372314453125,0.0002498121656450371,auto,10000.0,"{'solver': 'auto', 'alpha': 10000.0}",-0.0014836772023748982,-0.0021183751227585165,-0.0034226537150881314,-0.0021166728845346664,-0.0021777284505704567,-0.00590854306749407,-0.0018086786026009593,-0.0021297454990255762,-0.0019565223948245056,-0.0018798358718216102,-0.002500243281109339,0.0012326308635271044,136
0.011949849128723145,0.005597516378777284,0.0015561819076538087,0.0033284152676298522,svd,10000.0,"{'solver': 'svd', 'alpha': 10000.0}",-0.0014836772023748982,-0.0021183751227585165,-0.0034226537150881314,-0.0021166728845346664,-0.0021777284505704562,-0.005908543067494069,-0.0018086786026009593,-0.0021297454990255762,-0.0019565223948245056,-0.00187983587182161,-0.002500243281109339,0.0012326308635271042,136
0.0006887912750244141,0.0007838644883212356,0.00014264583587646483,2.045542486076512e-06,cholesky,10000.0,"{'solver': 'cholesky', 'alpha': 10000.0}",-0.0014836772023748982,-0.0021183751227585165,-0.0034226537150881314,-0.0021166728845346664,-0.0021777284505704567,-0.00590854306749407,-0.0018086786026009593,-0.0021297454990255762,-0.0019565223948245056,-0.0018798358718216102,-0.002500243281109339,0.0012326308635271044,136
0.023395347595214843,0.02224300118435332,0.00041778087615966796,0.00031352507384746855,lsqr,10000.0,"{'solver': 'lsqr', 'alpha': 10000.0}",-0.0014837084216928588,-0.002118372842947929,-0.0034226280530132934,-0.0021166646044962203,-0.002177739347270561,-0.005908563524918217,-0.00180868318237529,-0.0021297450866287265,-0.0019565328908798117,-0.0018798313806894385,-0.0025002469334912346,0.0012326315868502302,140
0.003249382972717285,0.004755572931731088,0.0009341239929199219,0.001007810213057213,sparse_cg,10000.0,"{'solver': 'sparse_cg', 'alpha': 10000.0}",-0.001483675540858721,-0.0021183744579003905,-0.0034226531836013528,-0.0021166728041063037,-0.0021777284425989205,-0.0059085446989504175,-0.0018086786748534442,-0.0021297447007784876,-0.001956523169537719,-0.0018798355355942372,-0.002500243120877999,0.0012326314378877888,135
0.0015401840209960938,0.0014131296698893367,0.00025594234466552734,0.00018876333091115598,sag,10000.0,"{'solver': 'sag', 'alpha': 10000.0}",-0.0014836805141921277,-0.00211837648142701,-0.0034226478218089143,-0.002116679263988278,-0.002177729465462349,-0.005908542202993453,-0.0018086786761653646,-0.002129745657946625,-0.001956522365610607,-0.0018798375947794875,-0.0025002440044374218,0.001232629548853642,139
0.0013049125671386718,0.0008765517525391686,0.0001936674118041992,0.0001330581622606783,saga,10000.0,"{'solver': 'saga', 'alpha': 10000.0}",-0.0014836770947326025,-0.0021183752748468124,-0.003422653229541683,-0.002116669069795455,-0.0021777288739752623,-0.005908542550934441,-0.0018086807917970034,-0.002129745634902023,-0.001956522183652616,-0.0018798310691206048,-0.0025002425773298503,0.0012326309202924952,134
